,date,report_no,address,Latitude,Longitude,distance_in_ft,direction,day,collision_factor,collision_type,involved_with,vehicle_type,month,year
219,2019-12-31,19-08774,"1145 CARLSBAD VILLAGE DRIVE and PIO PICO DRIVE, Carlsbad, San Diego, United States",33.163619,-117.341293,0,Not Stated,31,Driving Under Influence,Sideswipe,Bicycle,Bicycle,12,2019
220,2019-12-28,19-08682,"LA COSTA AVE and SAXONY RD, Carlsbad, San Diego, United States",33.087191,-117.2872654,82,WEST,28,Unsafe Speed,Hit Object,Other Object,Bicycle,12,2019
222,2019-09-30,19-06541,"MARRON RD and MARRON RD, Carlsbad, San Diego, United States",33.1767938,-117.3311118,74,NORTH,30,Unsafe Speed,Other,Non - Collision,Bicycle,9,2019
223,2019-08-30,19-05803,"PALOMAR AIRPORT RD and LOKER AVE WEST, Carlsbad, San Diego, United States",33.130007,-117.2484806,0,Not Stated,30,Improper Turning,Broadside,Bicycle,Bicycle,8,2019
224,2019-08-29,19-05793,"RANCHO SANTA FE RD and CALLE BARCELONA, Carlsbad, San Diego, United States",33.0722449,-117.2425095,0,Not Stated,29,Traffic Signals and Signs,Other,Bicycle,Bicycle,8,2019
225,2019-08-24,19-05681,"CARLSBAD BLVD and SOLAMAR DR (W), Carlsbad, San Diego, United States",33.1208962,-117.3273054,174,SOUTH,24,Improper Turning,Other,Bicycle,Bicycle,8,2019
226,2019-08-15,19-05462,"7660 EL CAMINO REAL, Carlsbad, San Diego, United States",33.0873499,-117.2670605,0,Not Stated,15,Unknown,Hit Object,Non - Collision,Bicycle,8,2019
227,2019-08-07,19-05272,"CANNON RD and HILLTOP ST, Carlsbad, San Diego, United States",33.1526824,-117.290832,390,EAST,7,Unsafe Speed,Rear-End,Bicycle,Bicycle,8,2019
228,2019-07-03,19-04465,"CHESTNUT AVE and HARDING ST, Carlsbad, San Diego, United States",33.157638,-117.3410661,0,Not Stated,3,Auto R/W Violation,Other,Bicycle,Bicycle,7,2019
229,2019-06-29,19-04373,"ADAMS ST and CHINQUAPIN AVE, Carlsbad, San Diego, United States",33.1494782,-117.3367293,210,NORTH,29,,Hit Object,Other Object,Bicycle,6,2019
230,2019-06-26,19-04298,"CARLSBAD VILLAGE DR and MADISON ST, Carlsbad, San Diego, United States",33.1608,-117.3466796,90,EAST,26,Unsafe Lane Change,Other,Bicycle,Bicycle,6,2019
231,2019-06-11,19-03932,"FARADAY AVE and EL CAMINO REAL, Carlsbad, San Diego, United States",33.1366511,-117.2732373,166,WEST,11,Unknown,Hit Object,Other Object,Bicycle,6,2019
232,2019-05-17,19-03289,"CARLSBAD BLVD and OAK AVE, Carlsbad, San Diego, United States",33.156743,-117.3507832,0,Not Stated,17,Other Hazardous Movement,Rear-End,Bicycle,Bicycle,5,2019
233,2019-05-17,19-03289,"CARLSBAD BLVD and OAK AVE, Carlsbad, San Diego, United States",33.156743,-117.3507832,0,Not Stated,17,Other Hazardous Movement,Other,Bicycle,Bicycle,5,2019
234,2019-05-14,19-03229,"I-5 PAR NB OFF RAMP RA and PALOMAR AIRPORT RD, Carlsbad, San Diego, United States",33.1246131,-117.2787752,14,SOUTH,14,Wrong Side of Road,Other,Bicycle,Bicycle,5,2019
235,2019-05-12,19-03169,"CARLSBAD BLVD and CEREZO DR, Carlsbad, San Diego, United States",33.1285778,-117.3327191,87,NORTH,12,Following Too Closely,Other,Bicycle,Bicycle,5,2019
236,2019-03-23,19-01923,"CARLSBAD BLVD and PINE AVE, Carlsbad, San Diego, United States",33.1551799,-117.3507373,0,Not Stated,23,Improper Turning,Other,Bicycle,Bicycle,3,2019
237,2019-03-12,19-01640,"CAMINO DE LOS COCHES and TERRAZA DISOMA, Carlsbad, San Diego, United States",33.0762017,-117.2308116,208,Not Stated,12,Other Than Driver,Other,Non - Collision,Bicycle,3,2019
238,2019-03-06,19-01490,"HARDING ST and MAGNOLIA AVE, Carlsbad, San Diego, United States",33.154522,-117.338982,221,SOUTH,6,Other Hazardous Movement,Broadside,Bicycle,Bicycle,3,2019
240,2019-02-27,19-01321,"TAMARACK AVE and BIRCHWOOD CR, Carlsbad, San Diego, United States",33.1529053,-117.313963,12,EAST,27,Other Hazardous Movement,Broadside,Bicycle,Bicycle,2,2019
241,2019-02-16,19-01043,"CARLSBAD BLVD and BEECH AVE, Carlsbad, San Diego, United States",33.1610538,-117.3533785,0,Not Stated,16,Improper Turning,Sideswipe,Bicycle,Bicycle,2,2019
242,2019-02-16,19-01039,"CARLSBAD BLVD and ISLAND WAY (E), Carlsbad, San Diego, United States",33.1117263,-117.3226536,584,SOUTH,16,Other Hazardous Movement,Rear-End,Pedestrian,Bicycle,2,2019
243,2019-01-30,19-00669,"PALOMAR AIRPORT RD and CAMINO VIDA ROBLE, Carlsbad, San Diego, United States",33.1201098,-117.2817611,275,EAST,30,Unsafe Speed,Hit Object,Other Object,Bicycle,1,2019
244,2019-01-26,19-00554,"EL CAMINO REAL and COLLEGE BLVD, Carlsbad, San Diego, United States",33.1430917,-117.2830477,141,NORTH,26,Unsafe Speed,Rear-End,Bicycle,Bicycle,1,2019
245,2019-01-23,19-00505,"CARLSBAD VILLAGE DR and HARDING ST, Carlsbad, San Diego, United States",33.1619201,-117.3445777,213,EAST,23,Improper Turning,Broadside,Bicycle,Bicycle,1,2019
246,2019-01-08,19-00158,"EL CAMINO REAL and FARADAY AVE, Carlsbad, San Diego, United States",33.1366511,-117.2732373,0,Not Stated,8,Traffic Signals and Signs,Broadside,Bicycle,Bicycle,1,2019
247,2019-01-02,19-00030,"CARLSBAD BLVD and POINSETTIA LANE, Carlsbad, San Diego, United States",33.101796,-117.3180903,0,Not Stated,2,Improper Passing,Sideswipe,Bicycle,Bicycle,1,2019
248,2019-01-01,19-00008,"EL CAMINO REAL and CRESTVIEW DR, Carlsbad, San Diego, United States",33.150701,-117.3004705,222,SOUTH,1,Other Than Driver,Other,Non - Collision,Bicycle,1,2019
157,2020-12-29,20-08169,"PASEO ABRAZO and ALGA RD, Carlsbad, San Diego, United States",33.1103841,-117.2360963,561,SOUTH,29,Unsafe Speed,Head-On,Bicycle,Bicycle,12,2020
158,2020-12-19,20-07966,"TAMARACK AVE and PARK DR, Carlsbad, San Diego, United States",33.1557476,-117.3258707,0,Not Stated,19,Auto R/W Violation,Broadside,Bicycle,Bicycle,12,2020
159,2020-12-14,20-07826,"RANCHO SANTA FE RD and FIRE STATION 6 DY, Carlsbad, San Diego, United States",33.0944943,-117.2258216,369,SOUTH,14,Other Than Driver,Other,Non - Collision,Bicycle,12,2020
160,2020-12-05,20-07630,"CARLSBAD BLVD and CANNON RD, Carlsbad, San Diego, United States",33.1324834,-117.3354103,0,Not Stated,5,Improper Turning,Broadside,Bicycle,Bicycle,12,2020
161,2020-11-28,20-07460,"POINSETTIA LANE and AVIARA PY, Carlsbad, San Diego, United States",33.1098355,-117.295594,427,WEST,28,Unsafe Speed,Rear-End,Bicycle,Bicycle,11,2020
162,2020-11-24,20-07372,"CARLSBAD BLVD and CARLSBAD VILLAGE DR, Carlsbad, San Diego, United States",33.1582158,-117.3509162,133,NORTH,24,Improper Turning,Sideswipe,Bicycle,Bicycle,11,2020
163,2020-11-22,20-07340,"CACATUA ST and ESTURION ST, Carlsbad, San Diego, United States",33.112195,-117.2408189,53,NORTH,22,Unsafe Speed,Overturned,Fixed Object,Bicycle,11,2020
164,2020-11-19,20-07256,"FARADAY AVE and CAMINO HILLS DR, Carlsbad, San Diego, United States",33.1390573,-117.291683,602,WEST,19,Other Than Driver,Other,Non - Collision,Bicycle,11,2020
165,2020-11-18,20-07241,"CARLSBAD BLVD and SHORE DR (N), Carlsbad, San Diego, United States",33.1319953,-117.3351673,548,NORTH,18,Other Hazardous Movement,Rear-End,Bicycle,Bicycle,11,2020
166,2020-11-12,20-07122,"6651 HIDDEN VALLEY ROAD, Carlsbad, San Diego, United States",33.114892,-117.307041,0,Not Stated,12,Other Improper Driving,Vehicle - Pedestrian,Pedestrian,Bicycle,11,2020
167,2020-11-11,20-07085,"CARLSBAD BLVD and SEQUOIA AVE, Carlsbad, San Diego, United States",33.1468951,-117.3447858,886,SOUTH,11,Unsafe Speed,Overturned,Non - Collision,Bicycle,11,2020
168,2020-10-16,20-06517,"CARLSBAD BLVD and POINSETTIA LANE, Carlsbad, San Diego, United States",33.101796,-117.3180903,0,Not Stated,16,Auto R/W Violation,Broadside,Bicycle,Bicycle,10,2020
169,2020-10-14,20-06473,"TAMARACK AVE and LA PORTALADA DR, Carlsbad, San Diego, United States",33.1552692,-117.3112979,0,Not Stated,14,Auto R/W Violation,Other,Bicycle,Bicycle,10,2020
170,2020-10-09,20-06343,"JEFFERSON ST and GRAND AVE, Carlsbad, San Diego, United States",33.161278,-117.348579,0,Not Stated,9,Driving Under Influence,Other,Non - Collision,Bicycle,10,2020
171,2020-10-07,20-06299,"POINSETTIA LANE and BLACK RAIL RD, Carlsbad, San Diego, United States",33.1134335,-117.2877561,100,EAST,7,Unknown,Hit Object,Fixed Object,Bicycle,10,2020
172,2020-10-07,20-06281,"EL CAMINO REAL and LA COSTA TOWNE CENTER DY, Carlsbad, San Diego, United States",33.081364,-117.266624,20,NORTH,7,Unsafe Speed,Hit Object,Non - Collision,Bicycle,10,2020
175,2020-10-04,20-06209,"ROOSEVELT ST and PINE AVE, Carlsbad, San Diego, United States",33.157993,-117.345886,200,NORTH,4,Driving Under Influence,Rear-End,Parked Motor Vehicle,Bicycle,10,2020
176,2020-10-03,20-06184,"TAMARACK AVE and SUNNYHILL DR, Carlsbad, San Diego, United States",33.154194,-117.321548,55,WEST,3,,Other,Fixed Object,Bicycle,10,2020
179,2020-09-26,20-06000,"PASEO DEL NORTE and CAMINO DEL PARQUE (W), Carlsbad, San Diego, United States",33.1164331,-117.3154575,170,NORTH,26,Improper Turning,Sideswipe,Bicycle,Bicycle,9,2020
181,2020-09-19,20-05841,"CARLSBAD BLVD and CHRISTIANSEN WAY, Carlsbad, San Diego, United States",33.1600298,-117.3524078,0,Not Stated,19,Improper Turning,Broadside,Bicycle,Bicycle,9,2020
182,2020-09-10,20-05606,"LA COSTA AVE and PIRAEUS ST, Carlsbad, San Diego, United States",33.084636,-117.2962711,0,Not Stated,10,Improper Turning,Sideswipe,Bicycle,Bicycle,9,2020
183,2020-09-07,20-05533,"CARLSBAD BLVD and ISLAND WAY (W), Carlsbad, San Diego, United States",33.1117263,-117.3226536,0,Not Stated,7,Traffic Signals and Signs,Broadside,Bicycle,Bicycle,9,2020
184,2020-09-04,20-05458,"BATIQUITOS DR and POINSETTIA LANE, Carlsbad, San Diego, United States",33.1044514,-117.3051766,4,NORTH,4,Unsafe Speed,Broadside,Bicycle,Bicycle,9,2020
185,2020-08-30,20-05325,"PALOMAR AIRPORT RD and PASEO DEL NORTE, Carlsbad, San Diego, United States",33.1221336,-117.3191715,0,Not Stated,30,Traffic Signals and Signs,Sideswipe,Bicycle,Bicycle,8,2020
186,2020-08-26,20-05234,"EL CAMINO REAL and PALOMAR AIRPORT RD, Carlsbad, San Diego, United States",33.1294876,-117.2668207,69,NORTH,26,,Other,Fixed Object,Bicycle,8,2020
187,2020-08-24,20-05194,"MELROSE DR and RANCHO SANTA FE RD, Carlsbad, San Diego, United States",33.1070361,-117.2255707,0,Not Stated,24,Unsafe Speed,Overturned,Non - Collision,Bicycle,8,2020
188,2020-08-22,20-05104,"560 CARLSBAD VILLAGE DR, Carlsbad, San Diego, United States",33.1602662,-117.3482887,0,Not Stated,22,Not Stated,Other,Non - Collision,Bicycle,8,2020
189,2020-08-22,20-05174,"CARLSBAD BLVD and CARLSBAD VILLAGE DR, Carlsbad, San Diego, United States",33.1582158,-117.3509162,0,Not Stated,22,Unsafe Speed,Broadside,Bicycle,Bicycle,8,2020
190,2020-08-21,20-05089,"CARLSBAD BLVD and ISLAND WAY (W), Carlsbad, San Diego, United States",33.1117263,-117.3226536,50,NORTH,21,Improper Turning,Sideswipe,Bicycle,Bicycle,8,2020
191,2020-08-20,20-05079,"2978 CARLSBAD BOULEVARD, Carlsbad, San Diego, United States",33.1587639,-117.3508596,0,Not Stated,20,Other Improper Driving,Broadside,Bicycle,Bicycle,8,2020
192,2020-08-15,20-04932,"CARLSBAD BLVD and BEECH AVE, Carlsbad, San Diego, United States",33.1610538,-117.3533785,23,SOUTH,15,Improper Turning,Sideswipe,Bicycle,Bicycle,8,2020
193,2020-08-08,20-05235,"PRIVATE PROPERTY and LEGOLAND DR, Carlsbad, San Diego, United States",33.1288535,-117.3147358,24,EAST,8,Other Improper Driving,Hit Object,Fixed Object,Bicycle,8,2020
194,2020-08-06,20-04754,"2772 ROOSEVELT ST and BEECH AVE, Carlsbad, San Diego, United States",33.1627287,-117.3492069,45,SOUTH,6,Unsafe Lane Change,Rear-End,Bicycle,Bicycle,8,2020
195,2020-08-01,20-04629,"CANNON RD and AVENIDA ENCINAS, Carlsbad, San Diego, United States",33.1339421,-117.330945,0,Not Stated,1,Traffic Signals and Signs,Broadside,Bicycle,Bicycle,8,2020
196,2020-07-30,20-04567,"POINSETTIA AVE and AVENIDA ENCINAS, Carlsbad, San Diego, United States",33.1029063,-117.3134841,465,WEST,30,Other Improper Driving,Other,Bicycle,Bicycle,7,2020
197,2020-07-10,20-04121,"CARLSBAD BLVD and SEQUOIA AVE, Carlsbad, San Diego, United States",33.1468951,-117.3447858,2052,SOUTH,10,Pedestrian Violation,Head-On,Pedestrian,Bicycle,7,2020
198,2020-07-05,20-03980,"RANCHO SANTA FE RD and LA COSTA AVE, Carlsbad, San Diego, United States",33.0815368,-117.2367672,261,NORTH,5,Unsafe Speed,Other,Bicycle,Bicycle,7,2020
199,2020-06-17,20-03590,"CARLSBAD BLVD and CHRISTIANSEN WAY, Carlsbad, San Diego, United States",33.1600298,-117.3524078,0,Not Stated,17,Improper Turning,Broadside,Bicycle,Bicycle,6,2020
200,2020-06-14,20-03515,"CARLSBAD VILLAGE DR and CARLSBAD BLVD, Carlsbad, San Diego, United States",33.1582158,-117.3509162,202,EAST,14,Improper Turning,Sideswipe,Bicycle,Bicycle,6,2020
201,2020-06-11,20-03446,"OAK AVE and MADISON ST, Carlsbad, San Diego, United States",33.1596694,-117.3457717,27,SOUTH,11,Unsafe Lane Change,Rear-End,Bicycle,Bicycle,6,2020
202,2020-05-16,20-02886,"EL CAMINO REAL and COUGAR DR, Carlsbad, San Diego, United States",33.140727,-117.2761439,296,NORTH,16,Unsafe Speed,Other,Non - Collision,Bicycle,5,2020
203,2020-05-14,20-02851,"EL CAMINO REAL and KELLY DR, Carlsbad, San Diego, United States",33.1524537,-117.3100736,370,SOUTH,14,Improper Turning,Sideswipe,Bicycle,Bicycle,5,2020
204,2020-05-09,20-02728,"CARLSBAD BLVD and AVENIDA ENCINAS, Carlsbad, San Diego, United States",33.0918303,-117.3138019,293,SOUTH,9,Improper Turning,Sideswipe,Bicycle,Bicycle,5,2020
205,2020-05-05,20-02659,"CARLSBAD BLVD and BREAKWATER RD, Carlsbad, San Diego, United States",33.106094,-117.3197642,108,NORTH,5,Other Than Driver,Other,Non - Collision,Bicycle,5,2020
206,2020-05-05,20-02664,"CARLSBAD VILLAGE DR and PIO PICO DR, Carlsbad, San Diego, United States",33.1640196,-117.3410752,0,Not Stated,5,Unsafe Speed,Other,Non - Collision,Bicycle,5,2020
208,2020-04-19,20-02360,"CANNON RD and FARADAY AVE, Carlsbad, San Diego, United States",33.139174,-117.3072205,1531,WEST,19,Unsafe Speed,Overturned,Non - Collision,Bicycle,4,2020
209,2020-03-28,20-02007,"BARBERRY PL and CAMINO DE LAS ONDAS, Carlsbad, San Diego, United States",33.1111485,-117.2993133,482,NORTH,28,Improper Turning,Sideswipe,Bicycle,Bicycle,3,2020
211,2020-03-05,20-01598,"AVIARA PY and MANZANITA ST, Carlsbad, San Diego, United States",33.0987973,-117.2679612,0,Not Stated,5,Traffic Signals and Signs,Broadside,Bicycle,Bicycle,3,2020
213,2020-01-23,20-00507,"TAMARACK AVE and EDINBURGH DR, Carlsbad, San Diego, United States",33.1635924,-117.3010865,12,WEST,23,Unsafe Speed,Other,Bicycle,Bicycle,1,2020
214,2020-01-22,20-00505,"PIO PICO DR and CARLSBAD VILLAGE DR, Carlsbad, San Diego, United States",33.1640196,-117.3410752,165,SOUTH,22,Auto R/W Violation,Other,Bicycle,Bicycle,1,2020
215,2020-01-18,20-00381,"I-5 PAR NB OFF RAMP and PALOMAR AIRPORT RD, Carlsbad, San Diego, United States",33.1246131,-117.2787752,0,Not Stated,18,Traffic Signals and Signs,Other,Bicycle,Bicycle,1,2020
216,2020-01-14,20-00287,"CANNON RD and COLLEGE BLVD, Carlsbad, San Diego, United States",33.1549962,-117.2871277,15,WEST,14,Other Improper Driving,Other,Bicycle,Bicycle,1,2020
217,2020-01-13,20-00266,"CARLSBAD BLVD and SYCAMORE AVE, Carlsbad, San Diego, United States",33.1533132,-117.3498155,41,NORTH,13,Unsafe Speed,Sideswipe,Fixed Object,Bicycle,1,2020
218,2020-01-13,20-00269,"CARLSBAD BLVD and GRAND AVE, Carlsbad, San Diego, United States",33.1593734,-117.3518766,150,NORTH,13,Improper Turning,Sideswipe,Bicycle,Bicycle,1,2020
58,2021-12-28,21-08645,"HARBOR POINT RD and PASEO DEL NORTE, Carlsbad, San Diego, United States",33.1067033,-117.3086908,25,WEST,28,Other Improper Driving,Broadside,Bicycle,Bicycle,12,2021
60,2021-12-21,21-08514,"COLLEGE BLVD and FARADAY AVE, Carlsbad, San Diego, United States",33.1353944,-117.2859197,200,NORTH,21,Following Too Closely,Rear-End,Bicycle,Bicycle,12,2021
61,2021-12-20,21-08486,"CARLSBAD BLVD and AVENIDA ENCINAS, Carlsbad, San Diego, United States",33.0918303,-117.3138019,394,SOUTH,20,Improper Turning,Rear-End,Bicycle,Bicycle,12,2021
63,2021-12-10,21-08256,"POINSETTIA LANE and ALICANTE RD, Carlsbad, San Diego, United States",33.1146847,-117.2606896,818,EAST,10,Unsafe Speed,Broadside,Bicycle,Bicycle,12,2021