,date,report_no,address,Latitude,Longitude,distance_in_ft,direction,day,collision_factor,collision_type,involved_with,vehicle_type,month,year
64,2021-12-02,21-08065,"POINSETTIA LANE and AVENIDA ENCINAS, Carlsbad, San Diego, United States",33.1029063,-117.3134841,0,Not Stated,2,Unsafe Speed,Rear-End,Bicycle,Bicycle,12,2021
67,2021-11-16,21-07691,"WHITMAN WAY and FARADAY AVE, Carlsbad, San Diego, United States",33.1387106,-117.3063862,3168000,NORTH,16,Unknown,Sideswipe,Bicycle,Bicycle,11,2021
68,2021-11-12,21-07589,"CARLSBAD VILLAGE DR and CARLSBAD BLVD, Carlsbad, San Diego, United States",33.1582158,-117.3509162,200,EAST,12,Improper Turning,Broadside,Bicycle,Bicycle,11,2021
73,2021-10-27,21-07201,"JEFFERSON ST and TAMARACK AVE, Carlsbad, San Diego, United States",33.1545825,-117.3181712,0,Not Stated,27,,Broadside,Bicycle,Bicycle,10,2021
74,2021-10-24,21-07137,"CARLSBAD BLVD and PONTO RD, Carlsbad, San Diego, United States",33.09839,-117.3169496,655,SOUTH,24,Unknown,Other,Not Stated,Bicycle,10,2021
77,2021-10-06,21-06701,"CAMINO VIDA ROBLE and EL CAMINO REAL, Carlsbad, San Diego, United States",33.1198118,-117.2672131,1320,WEST,6,Improper Turning,Rear-End,Bicycle,Bicycle,10,2021
78,2021-10-03,21-06613,"CARLSBAD BLVD and PONTO RD, Carlsbad, San Diego, United States",33.09839,-117.3169496,300,SOUTH,3,Following Too Closely,Rear-End,Bicycle,Bicycle,10,2021
80,2021-09-30,21-06529,"CASSIA RD and EL CAMINO REAL, Carlsbad, San Diego, United States",33.1140784,-117.2714258,9,EAST,30,Ped R/W Violation,Head-On,Bicycle,Bicycle,9,2021
81,2021-09-29,21-06500,"CHESTNUT AVE and MONROE ST, Carlsbad, San Diego, United States",33.161634,-117.3264132,650,WEST,29,Auto R/W Violation,Broadside,Bicycle,Bicycle,9,2021
82,2021-09-27,21-06491,"TAMARACK AVE and BRITTANY WAY, Carlsbad, San Diego, United States",33.174194,-117.298981,0,Not Stated,27,Following Too Closely,Other,Bicycle,Bicycle,9,2021
83,2021-09-25,21-06421,"STATE ST and LAGUNA DR, Carlsbad, San Diego, United States",33.1652652,-117.3466418,0,Not Stated,25,Auto R/W Violation,Sideswipe,Bicycle,Bicycle,9,2021
84,2021-09-25,21-06426,"CARLSBAD BLVD and GRAND AVE, Carlsbad, San Diego, United States",33.1593734,-117.3518766,152,SOUTH,25,Improper Turning,Sideswipe,Bicycle,Bicycle,9,2021
85,2021-09-23,21-06371,"COLLEGE BLVD and RICH FIELD DR, Carlsbad, San Diego, United States",33.1592464,-117.291112,12,NORTH,23,Unsafe Speed,Rear-End,Bicycle,Bicycle,9,2021
87,2021-09-16,21-06223,"MADISON ST and CARLSBAD VILLAGE DR, Carlsbad, San Diego, United States",33.1608,-117.3466796,154,SOUTH,16,Unsafe Speed,Rear-End,Bicycle,Bicycle,9,2021
88,2021-09-15,21-06212,"EL CAMINO REAL and AVIARA PY, Carlsbad, San Diego, United States",33.1023291,-117.2664028,0,Not Stated,15,Auto R/W Violation,Other,Bicycle,Bicycle,9,2021
89,2021-09-14,21-06188,"CARLSBAD VILLAGE DR and HARDING ST, Carlsbad, San Diego, United States",33.1619201,-117.3445777,0,Not Stated,14,Auto R/W Violation,Broadside,Bicycle,Bicycle,9,2021
90,2021-09-11,21-06122,"TAMARACK AVE and KIRKWALL AVE, Carlsbad, San Diego, United States",33.1624498,-117.3020927,276,SOUTH,11,Unsafe Speed,Other,Non - Collision,Bicycle,9,2021
92,2021-09-03,21-05922,"CHESTNUT AVE and MONROE ST, Carlsbad, San Diego, United States",33.161634,-117.3264132,186,EAST,3,Improper Turning,Rear-End,Bicycle,Bicycle,9,2021
95,2021-08-28,21-05772,"CARLSBAD BLVD and SOLAMAR DR (W), Carlsbad, San Diego, United States",33.1208962,-117.3273054,970,SOUTH,28,Unsafe Speed,Vehicle - Pedestrian,Pedestrian,Bicycle,8,2021
96,2021-08-24,21-05652,"CAMINO DE LOS COCHES and CALLE ACERVO, Carlsbad, San Diego, United States",33.0748155,-117.2342567,20,WEST,24,Unsafe Speed,Hit Object,Non - Collision,Bicycle,8,2021
99,2021-08-11,21-05375,"CARLSBAD BLVD and CANNON RD, Carlsbad, San Diego, United States",33.1324834,-117.3354103,3300,NORTH,11,Improper Turning,Sideswipe,Bicycle,Bicycle,8,2021
100,2021-08-09,21-05342,"CARLSBAD VILLAGE DR and EL CAMINO REAL, Carlsbad, San Diego, United States",33.1717487,-117.3225535,0,WEST,9,Unknown,Other,Non - Collision,Bicycle,8,2021
102,2021-08-04,21-05203,"CARLSBAD BLVD and MANZANO DR, Carlsbad, San Diego, United States",33.1267117,-117.3303266,154,NORTH,4,Unknown,Hit Object,Fixed Object,Bicycle,8,2021
103,2021-08-03,21-05174,"MONROE ST and HOSP WAY, Carlsbad, San Diego, United States",33.170887,-117.334557,0,Not Stated,3,Traffic Signals and Signs,Broadside,Bicycle,Bicycle,8,2021
105,2021-07-25,21-04970,"ALGA RD and ESTRELLA DE MAR RD, Carlsbad, San Diego, United States",33.1023339,-117.2630682,646,EAST,25,Improper Turning,Overturned,Bicycle,Bicycle,7,2021
106,2021-07-25,21-04959,"CARLSBAD BLVD and OAK AVE, Carlsbad, San Diego, United States",33.156743,-117.3507832,0,Not Stated,25,Ped R/W Violation,Vehicle - Pedestrian,Pedestrian,Bicycle,7,2021
109,2021-07-21,21-04851,"PIO PICO DR and LAS FLORES DR, Carlsbad, San Diego, United States",33.170681,-117.344437,8,NORTH,21,Improper Turning,Overturned,Non - Collision,Bicycle,7,2021
111,2021-07-18,21-04789,"POINSETTIA LANE and CRYSTALLINE DR, Carlsbad, San Diego, United States",33.1088381,-117.2989217,720,WEST,18,Other Improper Driving,Rear-End,Bicycle,Bicycle,7,2021
112,2021-07-18,21-04795,"HILLSIDE DR and SKYLINE RD, Carlsbad, San Diego, United States",33.1552443,-117.3202823,150,EAST,18,Improper Turning,Other,Non - Collision,Bicycle,7,2021
113,2021-07-17,21-04780,"CHESTNUT AVE and PIO PICO DR, Carlsbad, San Diego, United States",33.158318,-117.339317,234,WEST,17,Other Hazardous Movement,Broadside,Bicycle,Bicycle,7,2021
114,2021-07-17,21-04765,"PALOMAR AIRPORT RD and PASEO DEL NORTE, Carlsbad, San Diego, United States",33.1221336,-117.3191715,24,WEST,17,Other Than Driver,Other,Fixed Object,Bicycle,7,2021
116,2021-07-08,21-04568,"CARLSBAD BLVD and STATE ST, Carlsbad, San Diego, United States",33.1666392,-117.3549736,0,Not Stated,8,Auto R/W Violation,Broadside,Bicycle,Bicycle,7,2021
117,2021-07-05,21-04494,"2775 STATE STREET, Carlsbad, San Diego, United States",33.1611636,-117.3513359,0,Not Stated,5,Driving Under Influence,Hit Object,Fixed Object,Bicycle,7,2021
119,2021-06-25,21-04265,"LA COSTA AVE and EL CAMINO REAL, Carlsbad, San Diego, United States",33.0853092,-117.2685925,0,Not Stated,25,Traffic Signals and Signs,Broadside,Bicycle,Bicycle,6,2021
120,2021-06-25,21-04247,"CARLSBAD BLVD and STATE ST, Carlsbad, San Diego, United States",33.1666392,-117.3549736,300,NORTH,25,Other Than Driver,Other,Fixed Object,Bicycle,6,2021
122,2021-06-15,21-04017,"EL CAMINO REAL and HOSP WAY, Carlsbad, San Diego, United States",33.175106,-117.3253197,68,SOUTH,15,Improper Turning,Sideswipe,Bicycle,Bicycle,6,2021
123,2021-06-12,21-03937,"300 CARLSBAD VILLAGE DR. (P. LOT) and CARLSBAD BLVD, Carlsbad, San Diego, United States",33.1266441,-117.3313613,400,EAST,12,Other Improper Driving,Broadside,Bicycle,Bicycle,6,2021
124,2021-06-02,21-03702,"POINSETTIA LANE and CASSIA RD, Carlsbad, San Diego, United States",33.1124786,-117.2793996,250,EAST,2,Unsafe Speed,Rear-End,Parked Motor Vehicle,Bicycle,6,2021
126,2021-05-28,21-03594,"745 CARLSBAD and VILLAGE DRIVE, Carlsbad, San Diego, United States",33.1528929,-117.3437691,0,Not Stated,28,Other Than Driver,Hit Object,Fixed Object,Bicycle,5,2021
128,2021-05-23,21-03467,"CARLSBAD VILLAGE DR and MONROE ST, Carlsbad, San Diego, United States",33.1687291,-117.3328247,0,Not Stated,23,Improper Turning,Other,Non - Collision,Bicycle,5,2021
129,2021-05-23,21-03439,"CARLSBAD BLVD and OAK AVE, Carlsbad, San Diego, United States",33.156743,-117.3507832,203,SOUTH,23,Unknown,Other,Non - Collision,Bicycle,5,2021
131,2021-05-10,21-03110,"KELLY DR and HILLSIDE DR, Carlsbad, San Diego, United States",33.1486975,-117.3112587,0,Not Stated,10,Improper Passing,Broadside,Bicycle,Bicycle,5,2021
132,2021-05-03,21-02907,"CARLSBAD BLVD and PONTO RD, Carlsbad, San Diego, United States",33.09839,-117.3169496,187,NORTH,3,Unsafe Speed,Rear-End,Parked Motor Vehicle,Bicycle,5,2021
133,2021-05-01,21-02856,"CARLSBAD BLVD and STATE ST, Carlsbad, San Diego, United States",33.1666392,-117.3549736,730,SOUTH,1,Unsafe Speed,Not Stated,Non - Collision,Bicycle,5,2021
134,2021-04-25,21-02712,"EL CAMINO REAL and COLLEGE BLVD, Carlsbad, San Diego, United States",33.1430917,-117.2830477,757,NORTH,25,Unknown,Sideswipe,Bicycle,Bicycle,4,2021
135,2021-04-21,21-02605,"CARLSBAD BLVD and CANNON RD, Carlsbad, San Diego, United States",33.1324834,-117.3354103,2112,NORTH,21,Improper Turning,Hit Object,Non - Collision,Bicycle,4,2021
136,2021-04-15,21-02432,"CANNON RD and COLLEGE BLVD, Carlsbad, San Diego, United States",33.1549962,-117.2871277,104,WEST,15,Unsafe Speed,Hit Object,Fixed Object,Bicycle,4,2021
137,2021-04-11,21-02334,"CARLSBAD BLVD and TAMARACK AVE, Carlsbad, San Diego, United States",33.1474854,-117.3453925,1500,SOUTH,11,Unsafe Speed,Rear-End,Other Motor Vehicle,Bicycle,4,2021
138,2021-04-07,21-02239,"LA COSTA AVE and PIRAEUS ST, Carlsbad, San Diego, United States",33.084636,-117.2962711,0,Not Stated,7,Improper Turning,Sideswipe,Bicycle,Bicycle,4,2021
139,2021-04-02,21-02111,"CARLSBAD BLVD and ISLAND WAY (W), Carlsbad, San Diego, United States",33.1117263,-117.3226536,897,NORTH,2,Unsafe Speed,Other,Non - Collision,Bicycle,4,2021
140,2021-04-02,21-02112,"CARLSBAD BLVD and CEREZO DR, Carlsbad, San Diego, United States",33.1285778,-117.3327191,0,Not Stated,2,Auto R/W Violation,Broadside,Bicycle,Bicycle,4,2021
141,2021-03-23,21-01866,"SEGOVIA WAY and ESTANCIA ST, Carlsbad, San Diego, United States",33.0783922,-117.2406662,0,NORTH,23,Auto R/W Violation,Head-On,Bicycle,Bicycle,3,2021
142,2021-03-22,22-01915,"CARLSBAD BLVD and TAMARACK AVE, Carlsbad, San Diego, United States",33.1474854,-117.3453925,2800,SOUTH,22,Auto R/W Violation,Sideswipe,Bicycle,Bicycle,3,2021
144,2021-03-18,21-01746,"EL CAMINO REAL and COLLEGE BLVD, Carlsbad, San Diego, United States",33.1430917,-117.2830477,30,NORTH,18,Unsafe Speed,Hit Object,Other Object,Bicycle,3,2021
145,2021-03-16,21-01682,"LA COSTA AVE and ESFERA ST, Carlsbad, San Diego, United States",33.0842503,-117.2384089,55,EAST,16,Unsafe Speed,Rear-End,Bicycle,Bicycle,3,2021
147,2021-02-18,21-01105,"EL CAMINO REAL and RANCHO CARLSBAD DR, Carlsbad, San Diego, United States",33.1465818,-117.2897138,671,NORTH,18,Unsafe Speed,Other,Not Stated,Bicycle,2,2021
149,2021-02-05,21-00795,"CARLSBAD BLVD and MOUNTAIN VIEW DR, Carlsbad, San Diego, United States",33.1635507,-117.3544681,100,SOUTH,5,Unsafe Speed,Other,Bicycle,Bicycle,2,2021
150,2021-02-05,21-00797,"MELROSE DR and POINSETTIA LANE, Carlsbad, San Diego, United States",33.1227738,-117.2379944,358,SOUTH,5,Unknown,Rear-End,Bicycle,Bicycle,2,2021
151,2021-01-31,21-00659,"CIRCULO SEQUOIA and LA COSTA AVE, Carlsbad, San Diego, United States",33.081047,-117.227062,862,SOUTH,31,Driving Under Influence,Rear-End,Bicycle,Bicycle,1,2021
153,2021-01-24,21-00499,"NEBLINA DR and WINDJAMMER WAY, Carlsbad, San Diego, United States",33.146,-117.318718,30,SOUTH,24,Unknown,Other,Non - Collision,Bicycle,1,2021
154,2021-01-11,21-00288,"CARLSBAD BLVD and CARLSBAD VILLAGE DR, Carlsbad, San Diego, United States",33.1582158,-117.3509162,147,NORTH,11,Improper Turning,Sideswipe,Bicycle,Bicycle,1,2021
155,2021-01-02,21-00035,"CANNON RD and EL ARBOL DR, Carlsbad, San Diego, United States",33.1332252,-117.333311,600,WEST,2,Unsafe Speed,Overturned,Non - Collision,Bicycle,1,2021
156,2021-01-01,21-00006,"RANCHO SANTA FE RD and CAMINO JUNIPERO, Carlsbad, San Diego, United States",33.0874754,-117.2259785,0,Not Stated,1,Auto R/W Violation,Head-On,Bicycle,Bicycle,1,2021
3,2022-07-21,22-04730,"CARLSBAD BLVD and SOLAMAR DR (W), Carlsbad, San Diego, United States",33.1208962,-117.3273054,562,SOUTH,21,Unsafe Speed,Rear-End,Bicycle,Bicycle,7,2022
6,2022-07-08,22-04449,"MARRON RD and JEFFERSON ST, Carlsbad, San Diego, United States",33.1781859,-117.3404069,0,Not Stated,8,Traffic Signals and Signs,Rear-End,Bicycle,Bicycle,7,2022
7,2022-07-01,22-04295,"SEAFARER PL and WIND SOCK WAY, Carlsbad, San Diego, United States",33.0954272,-117.3115205,10,SOUTH,1,Auto R/W Violation,Broadside,Bicycle,Bicycle,7,2022
9,2022-06-30,22-04268,"985 TAMARACK AVE, Carlsbad, San Diego, United States",33.1522779,-117.3339596,0,Not Stated,30,Other Improper Driving,Broadside,Bicycle,Bicycle,6,2022
11,2022-06-24,22-04108,"2525 EL CAMINO REAL, Carlsbad, San Diego, United States",33.1781877,-117.3324498,0,Not Stated,24,Other Improper Driving,Hit Object,Fixed Object,Bicycle,6,2022
12,2022-06-23,22-04093,"PARK DR and TAMARACK AVE, Carlsbad, San Diego, United States",33.1545825,-117.3181712,74,NORTH,23,Unsafe Speed,Other,Non - Collision,Bicycle,6,2022
13,2022-06-22,22-04057,"YARROW DR and CAMINO VIDA ROBLE, Carlsbad, San Diego, United States",33.1191406,-117.27354,14,NORTH,22,Auto R/W Violation,Broadside,Bicycle,Bicycle,6,2022
14,2022-06-10,22-03804,"CHESTNUT AVE and ADAMS ST, Carlsbad, San Diego, United States",33.1582995,-117.337288,0,Not Stated,10,Unsafe Speed,Other,Fixed Object,Bicycle,6,2022
15,2022-06-04,22-03664,"CANNON RD and FROST AVE, Carlsbad, San Diego, United States",33.1471056,-117.300293,615,EAST,4,Unknown,Other,Non - Collision,Bicycle,6,2022
18,2022-05-24,22-03415,"CARLSBAD VILLAGE DR and CHATHAM RD, Carlsbad, San Diego, United States",33.1665335,-117.303681,186,WEST,24,Unsafe Speed,Hit Object,Fixed Object,Bicycle,5,2022
20,2022-05-21,22-03346,"EL CAMINO REAL and LEVANTE ST, Carlsbad, San Diego, United States",33.0784256,-117.2656793,435,NORTH,21,Other Improper Driving,Hit Object,Other Object,Bicycle,5,2022
22,2022-05-05,22-02950,"COLLEGE BLVD and CANNON RD, Carlsbad, San Diego, United States",33.1549962,-117.2871277,0,Not Stated,5,,Broadside,Bicycle,Bicycle,5,2022
23,2022-04-28,22-02768,"PIO PICO DR and MAGNOLIA AVE, Carlsbad, San Diego, United States",33.155109,-117.337669,4,WEST,28,Auto R/W Violation,Broadside,Bicycle,Bicycle,4,2022
26,2022-04-06,22-02255,"POINSETTIA LANE and MELROSE DR, Carlsbad, San Diego, United States",33.1227738,-117.2379944,162,WEST,6,Unsafe Speed,Rear-End,Bicycle,Bicycle,4,2022
29,2022-03-16,22-01755,"PARK DR and HILLSIDE DR, Carlsbad, San Diego, United States",33.149506,-117.319893,0,Not Stated,16,Auto R/W Violation,Broadside,Bicycle,Bicycle,3,2022
30,2022-03-14,22-01697,"LEVANTE ST and HILLSIDE DR, Carlsbad, San Diego, United States",33.0815723,-117.2497338,120,WEST,14,Unsafe Speed,Rear-End,Bicycle,Bicycle,3,2022
33,2022-03-08,22-01536,"MADISON ST and CHESTNUT AVE, Carlsbad, San Diego, United States",33.1614838,-117.3303608,0,Not Stated,8,Auto R/W Violation,Broadside,Bicycle,Bicycle,3,2022
42,2022-02-17,22-01070,"CARLSBAD VILLAGE DR and JEFFERSON ST, Carlsbad, San Diego, United States",33.1613859,-117.3456671,4,EAST,17,,Broadside,Bicycle,Bicycle,2,2022
44,2022-02-11,22-00939,"EL CAMINO REAL and HOSP WAY, Carlsbad, San Diego, United States",33.175106,-117.3253197,255,SOUTH,11,Unsafe Speed,Overturned,Non - Collision,Bicycle,2,2022
45,2022-02-11,22-00928,"STATE ST and LAGUNA DR, Carlsbad, San Diego, United States",33.1652652,-117.3466418,0,Not Stated,11,Auto R/W Violation,Broadside,Bicycle,Bicycle,2,2022
49,2022-02-06,22-00840,"CARLSBAD BLVD and PONTO RD, Carlsbad, San Diego, United States",33.09839,-117.3169496,345,SOUTH,6,Improper Turning,Overturned,Non - Collision,Bicycle,2,2022
50,2022-02-05,22-00974,"GRAND AVE and WASHINGTON ST, Carlsbad, San Diego, United States",33.1601316,-117.3505579,50,WEST,5,Other Hazardous Movement,Other,Bicycle,Bicycle,2,2022
52,2022-01-28,22-00621,"CARLSBAD VILLAGE DR and HARDING ST, Carlsbad, San Diego, United States",33.1619201,-117.3445777,375,EAST,28,Improper Turning,Broadside,Bicycle,Bicycle,1,2022
55,2022-01-04,22-00068,"PALOMAR AIRPORT RD and BUSINESS PARK DR, Carlsbad, San Diego, United States",33.1315564,-117.228324,900,WEST,4,Other Improper Driving,Sideswipe,Bicycle,Bicycle,1,2022
56,2022-01-03,22-00040,"STATE ST and BEECH AVE, Carlsbad, San Diego, United States",33.1616549,-117.3523323,165,SOUTH,3,Improper Turning,Overturned,Non - Collision,Bicycle,1,2022